timestamp,date_GMT,status,attendance,home_team_name,away_team_name,referee,Game Week,Pre-Match PPG (Home),Pre-Match PPG (Away),home_ppg,away_ppg,home_team_goal_count,away_team_goal_count,total_goal_count,total_goals_at_half_time,home_team_goal_count_half_time,away_team_goal_count_half_time,home_team_goal_timings,away_team_goal_timings,home_team_corner_count,away_team_corner_count,home_team_yellow_cards,home_team_red_cards,away_team_yellow_cards,away_team_red_cards,home_team_first_half_cards,home_team_second_half_cards,away_team_first_half_cards,away_team_second_half_cards,home_team_shots,away_team_shots,home_team_shots_on_target,away_team_shots_on_target,home_team_shots_off_target,away_team_shots_off_target,home_team_fouls,away_team_fouls,home_team_possession,away_team_possession,Home Team Pre-Match xG,Away Team Pre-Match xG,team_a_xg,team_b_xg,average_goals_per_match_pre_match,btts_percentage_pre_match,over_15_percentage_pre_match,over_25_percentage_pre_match,over_35_percentage_pre_match,over_45_percentage_pre_match,over_15_HT_FHG_percentage_pre_match,over_05_HT_FHG_percentage_pre_match,over_15_2HG_percentage_pre_match,over_05_2HG_percentage_pre_match,average_corners_per_match_pre_match,average_cards_per_match_pre_match,odds_ft_home_team_win,odds_ft_draw,odds_ft_away_team_win,odds_ft_over15,odds_ft_over25,odds_ft_over35,odds_ft_over45,odds_btts_yes,odds_btts_no,stadium_name,ID
1726236000,Sep 13 2024 - 2:00pm,complete,,ATK Mohun Bagan,Mumbai City,,1.0,0.0,0.0,2.33,1.33,2,2,4,2,2,0,"9,28","70,90",5,7,4,0,4,0,0,4,1,3,6,16,3,7,0,7,14,12,47,53,0.0,0.0,0.69,1.77,0.0,0,0,0,0,0,0,0,0,0,0.0,0.0,2.3,3.5,2.7,1.14,1.45,2.23,4.04,1.44,2.7,Vivekananda Yuba Bharati Krirangan Stadium (Kolkata),S635D953B8B
1726313400,Sep 14 2024 - 11:30am,complete,,Odisha FC,Chennaiyin,,1.0,0.0,0.0,1.75,2.0,2,3,5,1,1,0,"9,90'5","48,51,69",6,4,1,0,1,0,1,0,0,1,11,24,7,6,1,10,10,7,60,40,0.0,0.0,1.34,1.99,0.0,0,0,0,0,0,0,0,0,0,0.0,0.0,2.05,3.35,3.35,1.23,1.65,2.82,5.17,1.62,2.1,Kalinga Stadium (Bhubaneswar),S63570822B0
1726322400,Sep 14 2024 - 2:00pm,complete,,Bengaluru,East Bengal,Crystal John,1.0,0.0,0.0,3.0,0.0,1,0,1,1,1,0,25,,2,4,3,0,5,1,0,3,3,3,10,11,3,3,4,6,12,19,46,54,0.0,0.0,1.03,1.22,0.0,0,0,0,0,0,0,0,0,0,0.0,0.0,2.1,3.3,3.1,1.21,1.67,2.78,5.05,1.62,2.1,Sree Kanteerava Stadium (Bangalore),S635C8A9148
1726408800,Sep 15 2024 - 2:00pm,complete,,Kerala Blasters,Minerva Punjab,R Venkatesh,1.0,0.0,0.0,1.0,1.0,1,2,3,0,0,0,90'2,"86,90'5",1,3,5,0,5,0,0,5,0,5,7,13,5,4,1,5,11,7,57,43,0.0,0.0,1.02,1.24,0.0,0,0,0,0,0,0,0,0,0,0.0,0.0,1.91,3.45,3.43,1.24,1.74,2.9,5.39,1.65,2.05,Jawaharlal Nehru International Stadium (Kochi),S6357BC37C5
1726495200,Sep 16 2024 - 2:00pm,complete,,Mohammedan,NorthEast United,,1.0,0.0,0.0,0.25,1.33,0,1,1,0,0,0,,90'4,3,4,3,0,3,0,1,2,2,1,10,14,3,3,6,7,13,17,60,40,0.0,0.0,1.13,1.17,0.0,0,0,0,0,0,0,0,0,0,0.0,0.0,3.05,3.55,2.02,0.0,1.56,0.0,0.0,1.53,2.38,Kishore Bharati Krirangan (Kalkātā (Kolkata)),S635FAB8BD9
1726581600,Sep 17 2024 - 2:00pm,complete,,Goa,Jamshedpur,,1.0,0.0,0.0,1.4,1.0,1,2,3,1,1,0,45'3,"74,90'3",5,4,2,0,2,0,0,2,1,1,21,14,6,6,9,7,12,9,62,38,0.0,0.0,1.95,1.7,0.0,0,0,0,0,0,0,0,0,0,0.0,0.0,1.45,4.15,5.1,1.12,1.53,2.25,3.75,1.6,2.25,Pandit Jawaharlal Nehru Stadium (Margao),S635FA6315E
1726754400,Sep 19 2024 - 2:00pm,complete,,Bengaluru,Hyderabad,Tejas Nagvenkar,2.0,3.0,0.0,3.0,0.75,3,0,3,1,1,0,"5,85,90'4",,9,2,3,0,0,0,2,1,0,0,15,11,5,0,8,8,8,11,73,27,1.03,0.0,1.92,0.84,0.5,0,0,0,0,0,0,50,0,0,2.0,3.0,1.27,5.0,8.5,1.16,1.58,2.42,4.25,1.86,1.8,Sree Kanteerava Stadium (Bangalore),S635C74D107
1726840800,Sep 20 2024 - 2:00pm,complete,,Minerva Punjab,Odisha FC,Jamal Mohamed,2.0,0.0,0.0,3.0,0.33,2,1,3,1,1,0,"28,89",90'6,9,2,3,0,1,0,0,3,1,0,18,10,8,0,5,6,9,5,30,70,0.0,0.0,1.78,0.89,0.0,0,0,0,0,0,0,0,0,0,0.0,0.0,2.9,3.35,2.15,1.2,1.72,2.88,5.5,1.62,2.25,Jawaharlal Nehru Stadium (New Delhi),S635AC9BD42
1726918200,Sep 21 2024 - 11:30am,complete,,Jamshedpur,Mumbai City,,2.0,0.0,1.0,2.25,1.33,3,2,5,3,2,1,"36,44,50","18,77",5,6,7,0,2,0,2,5,1,1,18,21,8,7,7,7,13,3,32,68,0.0,1.77,1.87,1.96,2.0,50,50,50,50,0,50,50,50,50,7.0,4.0,3.6,3.6,1.83,1.25,1.7,2.92,4.9,1.67,2.15,JRD Tata Sports Complex (Jamshedpur),S63518B3EFC
1726927200,Sep 21 2024 - 2:00pm,complete,,Mohammedan,Goa,,2.0,0.0,0.0,0.25,1.67,1,1,2,0,0,0,66,90'4,4,5,2,0,5,0,0,2,2,3,23,12,8,5,11,4,5,14,46,54,1.13,0.0,2.2,1.38,0.5,0,0,0,0,0,0,0,0,50,3.0,3.0,3.1,3.3,2.1,1.23,1.85,2.97,5.45,1.73,2.0,Kishore Bharati Krirangan (Kalkātā (Kolkata)),S635007E79A
1727013600,Sep 22 2024 - 2:00pm,complete,,Kerala Blasters,East Bengal,Tejas Nagvenkar,2.0,0.0,0.0,1.0,0.0,2,1,3,0,0,0,"63,88",59,3,3,1,0,4,0,1,0,1,3,11,10,3,5,5,2,10,9,46,54,1.02,1.22,1.07,1.16,2.0,50,50,50,0,0,0,50,50,50,5.0,11.0,2.25,3.35,2.65,1.22,1.7,2.65,5.23,1.59,2.15,Jawaharlal Nehru International Stadium (Kochi),S6357E16647
1727100000,Sep 23 2024 - 2:00pm,complete,,ATK Mohun Bagan,NorthEast United,Jamal Mohamed,2.0,1.0,3.0,2.33,1.33,3,2,5,3,1,2,"10,61,87","4,24",9,7,3,0,4,0,1,2,2,2,16,18,8,7,5,5,10,10,60,40,0.69,1.17,1.96,1.78,2.5,50,50,50,50,0,50,50,50,100,9.0,7.0,1.51,3.9,4.95,1.12,1.53,2.38,3.72,1.71,2.06,Vivekananda Yuba Bharati Krirangan Stadium (Kolkata),S635396F3DE
1727272800,Sep 25 2024 - 2:00pm,complete,,Minerva Punjab,Hyderabad,,3.0,3.0,0.0,3.0,0.75,2,0,2,1,1,0,"35,71",,4,3,1,0,3,1,0,1,2,2,22,11,8,2,12,6,9,8,49,51,1.78,0.84,2.15,0.89,3.0,50,100,100,0,0,0,100,100,100,11.0,3.0,1.36,4.4,6.75,1.21,1.68,2.64,4.76,1.83,1.83,Jawaharlal Nehru Stadium (New Delhi),S6353C4BA82
1727359200,Sep 26 2024 - 2:00pm,complete,,Chennaiyin,Mohammedan,Tejas Nagvenkar,3.0,0.0,0.0,0.5,1.5,0,1,1,1,0,1,,39,10,2,5,0,2,0,0,5,1,1,24,10,5,7,9,3,17,10,53,47,0.0,0.0,1.65,1.36,0.0,0,0,0,0,0,0,0,0,0,0.0,0.0,1.99,3.52,3.3,1.22,1.73,2.85,4.8,1.67,2.1,Jawaharlal Nehru Stadium (Chennai),S6355AE23F6
1727445600,Sep 27 2024 - 2:00pm,complete,,East Bengal,Goa,,3.0,0.0,1.0,0.0,1.67,2,3,5,3,1,2,"29,85","13,20,71",3,3,3,0,3,1,2,1,2,2,9,17,4,6,5,6,11,6,52,48,0.0,1.38,1.18,1.49,1.0,50,50,0,0,0,0,0,50,50,5.0,5.0,3.54,3.54,1.95,1.2,1.77,2.8,5.0,1.67,2.12,Vivekananda Yuba Bharati Krirangan Stadium (Kolkata),S63557A1AB1
1727523000,Sep 28 2024 - 11:30am,complete,,Odisha FC,Jamshedpur,Senthil Nathan,3.0,0.0,3.0,1.75,1.0,2,1,3,2,2,0,"20,42",62,15,2,1,0,2,0,1,0,2,0,21,13,6,2,9,9,7,11,68,32,1.34,1.7,1.97,1.17,4.0,100,100,100,50,50,0,100,100,100,10.0,3.0,1.83,3.85,3.46,1.14,1.59,2.4,4.15,1.58,2.29,Kalinga Stadium (Bhubaneswar),S635B65051E
1727532000,Sep 28 2024 - 2:00pm,complete,,Bengaluru,ATK Mohun Bagan,,3.0,3.0,0.0,3.0,2.0,3,0,3,2,2,0,"9,20,51",,5,9,2,0,4,0,0,2,1,3,16,22,10,10,2,8,9,14,55,45,1.48,0.0,1.58,2.07,1.0,0,25,25,0,0,0,50,25,25,5.5,3.0,2.8,3.2,2.25,1.25,1.82,2.9,5.25,1.65,2.1,Sree Kanteerava Stadium (Bangalore),S635CAC3466
1727618400,Sep 29 2024 - 2:00pm,complete,,NorthEast United,Kerala Blasters,Pranjal Banerji,3.0,0.0,0.0,1.75,1.25,1,1,2,0,0,0,58,67,7,7,0,1,2,0,0,1,1,1,15,15,4,6,8,7,8,11,41,59,0.0,0.0,1.5,1.76,0.0,0,0,0,0,0,0,0,0,0,0.0,0.0,1.85,3.55,3.55,1.21,1.9,2.55,5.02,1.6,2.24,Indira Gandhi Athletic Stadium (Guwahati),S635E2555BB
1727791200,Oct 01 2024 - 2:00pm,complete,,Hyderabad,Chennaiyin,,4.0,0.0,3.0,0.5,2.0,0,0,0,0,0,0,,,6,6,2,1,4,0,1,2,2,2,9,14,2,7,4,5,11,7,43,57,0.0,1.99,0.97,1.93,2.5,50,50,50,50,50,0,50,50,50,4.0,1.0,4.75,4.05,1.51,1.17,1.65,2.7,5.5,1.8,1.94,GMC Balayogi Stadium (Hyderabad),S6353AD3680
1727877600,Oct 02 2024 - 2:00pm,complete,,Mumbai City,Bengaluru,Senthil Nathan,,0.0,0.0,1.67,1.33,0,0,0,0,0,0,,,5,2,1,0,3,0,1,0,2,1,15,10,4,4,7,6,10,12,43,57,0.0,0.0,1.42,1.24,0.0,0,0,0,0,0,0,0,0,0,0.0,0.0,1.72,3.55,3.9,1.21,1.78,2.7,5.1,1.72,1.95,,S635DB3E178
1727964000,Oct 03 2024 - 2:00pm,complete,,Odisha FC,Kerala Blasters,,,1.5,1.0,1.75,1.25,2,2,4,4,2,2,"29,36","18,21",5,9,2,0,0,0,2,0,0,0,17,17,5,4,10,8,9,10,51,49,1.66,1.76,1.74,1.61,3.0,100,100,50,25,25,25,50,75,100,17.5,3.0,1.75,3.77,4.1,1.2,1.74,2.75,5.5,1.73,2.1,,S635F3E0912
1728050400,Oct 04 2024 - 2:00pm,complete,,Goa,NorthEast United,Crystal John,4.0,0.0,1.5,1.4,1.33,3,3,6,2,1,1,"45'2,47,90'4","6,51,56",6,4,0,0,1,1,0,0,0,2,20,10,9,5,6,3,5,16,69,31,1.95,1.48,2.16,1.1,3.0,75,75,75,25,25,25,75,75,100,10.5,5.5,1.62,3.7,4.2,1.14,1.58,2.48,4.8,1.6,2.3,Pandit Jawaharlal Nehru Stadium (Margao),S635C4EA3B9
1728127800,Oct 05 2024 - 11:30am,complete,,Jamshedpur,East Bengal,Jamal Mohamed,4.0,3.0,0.0,2.25,0.0,2,0,2,1,1,0,"21,70",,2,6,2,0,4,0,1,1,3,1,-1,-1,-1,-1,-1,-1,-1,-1,-1,-1,1.87,1.19,0.0,0.0,3.5,75,75,75,50,50,50,75,75,75,8.5,12.0,2.15,3.4,2.88,1.2,1.73,2.7,4.95,1.64,2.17,JRD Tata Sports Complex (Jamshedpur),S635EB47E3F
1728136800,Oct 05 2024 - 2:00pm,complete,,ATK Mohun Bagan,Mohammedan,R Venkatesh,4.0,2.0,3.0,2.33,1.5,3,0,3,3,3,0,"8,31,36",,5,1,3,0,6,0,1,2,4,2,14,3,9,0,5,3,13,7,47,53,1.33,1.36,1.95,0.38,2.75,50,50,50,50,25,50,100,50,50,9.0,5.5,1.57,4.32,4.73,1.2,1.58,2.55,4.4,1.67,2.1,,S6356F7B566
1729173600,Oct 17 2024 - 2:00pm,complete,,NorthEast United,Chennaiyin,,5.0,1.0,2.0,1.75,2.0,2,3,5,3,1,2,"5,89","25,36,51",3,8,1,0,2,1,0,1,0,3,15,14,4,5,8,6,11,8,56,44,1.5,1.96,1.61,1.52,2.25,75,75,25,25,25,0,25,75,75,12.0,4.5,2.43,3.55,2.6,0.0,1.64,0.0,1.85,1.57,2.25,Indira Gandhi Athletic Stadium,S6355F6467E
1729260000,Oct 18 2024 - 2:00pm,complete,,Bengaluru,Minerva Punjab,Jamal Mohamed,5.0,3.0,3.0,3.0,1.0,1,0,1,1,1,0,43,,1,4,2,1,2,0,1,2,1,1,8,11,3,2,5,9,6,8,59,41,1.51,1.24,1.03,1.34,2.67,50,84,84,0,0,17,50,67,84,8.33,7.67,1.83,3.6,4.2,1.82,1.83,0.0,0.0,1.73,2.0,Sree Kanteerava Stadium (Bangalore),S6352F59155
1729337400,Oct 19 2024 - 11:30am,complete,,Goa,Mumbai City,R Venkatesh,5.0,0.5,0.5,1.4,1.33,1,2,3,2,0,2,55,"21,40",-1,-1,3,0,2,0,0,3,0,2,-1,-1,-1,-1,-1,-1,-1,-1,-1,-1,2.05,1.87,0.0,0.0,4.5,100,100,100,75,50,75,100,100,100,12.0,4.0,2.43,3.23,2.5,0.0,1.67,2.65,0.0,1.57,2.25,,S63542CFA20
1729346400,Oct 19 2024 - 2:00pm,complete,,East Bengal,ATK Mohun Bagan,Tejas Nagvenkar,5.0,0.0,0.0,0.0,2.0,0,2,2,1,0,1,,"41,89",1,8,2,0,3,0,1,1,0,3,4,10,2,7,2,3,6,11,37,63,1.18,2.07,0.48,1.38,4.0,50,100,100,50,50,100,100,50,100,12.0,7.0,3.75,3.7,1.8,1.19,1.6,2.47,4.3,1.57,2.3,Vivekananda Yuba Bharati Krirangan Stadium (Kolkata),S635B686433
1729432800,Oct 20 2024 - 2:00pm,complete,,Mohammedan,Kerala Blasters,,5.0,0.5,1.0,0.25,1.25,1,2,3,1,1,0,28,"67,75",3,6,4,0,4,0,1,3,2,2,9,11,3,5,6,6,4,7,45,55,1.67,1.69,1.15,1.51,2.25,75,75,25,25,0,25,25,50,75,11.5,3.5,2.3,3.3,2.6,1.23,1.75,2.8,5.0,1.67,2.1,Kishore Bharati Krirangan (Kalkātā (Kolkata)),S6353DC95A5
1729519200,Oct 21 2024 - 2:00pm,complete,,Jamshedpur,Hyderabad,,5.0,3.0,0.0,2.25,0.75,2,1,3,2,2,0,"29,44",50,3,8,3,0,2,0,1,2,0,2,12,18,5,9,7,9,16,7,43,57,1.87,0.87,1.51,2.34,3.0,25,100,50,25,25,25,100,50,100,7.5,6.5,1.36,4.4,6.4,1.18,1.55,2.32,4.3,1.8,1.91,,S635C84CED5
1729605600,Oct 22 2024 - 2:00pm,complete,,Odisha FC,East Bengal,,6.0,1.33,0.0,1.75,0.0,2,1,3,2,1,1,"22,69",45'4,3,9,1,0,3,1,1,0,1,3,8,8,5,5,3,3,6,12,55,45,1.68,1.19,1.27,1.42,3.0,67,84,67,34,17,34,84,33,67,12.17,6.0,1.85,3.55,3.6,1.22,1.71,2.75,4.9,1.64,2.17,Kalinga Stadium (Bhubaneswar),S63587754A4
1729778400,Oct 24 2024 - 2:00pm,complete,,Chennaiyin,Goa,,6.0,0.0,2.0,0.5,1.67,2,2,4,2,1,1,"11,79","45,51",6,4,2,0,1,0,1,1,0,1,16,12,5,6,11,6,4,8,42,58,1.65,1.43,1.72,1.58,2.25,50,50,25,25,25,25,75,50,50,14.0,9.5,2.63,3.55,2.29,1.18,1.7,2.55,4.46,1.56,2.33,Jawaharlal Nehru Stadium (Chennai),S635572B5BD
1729864800,Oct 25 2024 - 2:00pm,complete,,Kerala Blasters,Bengaluru,Tejas Nagvenkar,,1.5,1.0,1.0,1.33,1,3,4,2,1,1,45'2,"8,74,90'4",5,1,4,0,2,0,2,2,1,1,13,6,7,4,6,2,17,11,54,46,1.04,1.24,2.01,0.94,1.5,50,50,50,0,0,0,0,50,50,4.0,6.0,2.55,3.2,2.65,1.27,1.95,3.3,5.8,1.69,2.09,,S635842394D
1729942200,Oct 26 2024 - 11:30am,complete,,NorthEast United,Jamshedpur,,6.0,0.5,1.5,1.75,1.0,5,0,5,2,2,0,"5,44,55,82,90",,9,6,1,0,1,1,0,1,2,0,-1,-1,-1,-1,-1,-1,-1,-1,-1,-1,1.55,1.43,0.0,0.0,3.25,100,100,75,25,25,50,75,75,100,8.0,3.5,2.3,3.5,2.7,1.22,1.65,2.4,4.8,1.59,2.26,Indira Gandhi Athletic Stadium (Guwahati),S635BDC6DDF
1729951200,Oct 26 2024 - 2:00pm,complete,,Mohammedan,Hyderabad,Pranjal Banerji,6.0,0.33,0.0,0.25,0.75,0,4,4,3,0,3,,"4,12,15,51",13,2,3,0,2,0,1,2,1,1,22,10,5,7,17,3,11,9,60,40,1.5,1.36,2.51,1.37,2.34,50,84,50,0,0,17,67,50,100,7.66,5.0,1.7,3.65,4.2,1.31,1.9,3.35,6.5,1.83,1.83,Kishore Bharati Krirangan (Kalkātā (Kolkata)),S6354156F0C
1730037600,Oct 27 2024 - 2:00pm,complete,,Mumbai City,Odisha FC,,6.0,1.0,0.0,1.67,0.33,1,1,2,2,1,1,23,14,7,3,1,0,4,1,1,0,2,3,16,8,5,3,7,4,7,10,55,45,1.42,0.89,1.6,0.97,1.5,50,50,50,0,0,0,50,50,50,7.0,2.0,1.48,4.9,4.35,1.21,1.7,2.7,4.9,1.67,2.1,,S6352035395
1730296800,Oct 30 2024 - 2:00pm,complete,,Hyderabad,ATK Mohun Bagan,Rahul Kumar Gupta,7.0,1.0,1.5,0.5,2.0,0,2,2,1,0,1,,"37,55",3,8,1,0,5,0,1,0,2,3,14,13,2,5,10,4,4,15,48,52,0.97,1.72,1.39,1.48,1.25,0,50,25,0,0,25,50,0,50,14.5,6.5,2.99,3.9,1.93,1.16,1.65,2.38,4.04,2.12,1.67,GMC Balayogi Stadium (Hyderabad),S6359E15C2B
1730383200,Oct 31 2024 - 2:00pm,complete,,Minerva Punjab,Chennaiyin,Pratik Mondal,7.0,3.0,2.33,3.0,2.0,3,2,5,1,0,1,"46,48,70","30,90'9",0,5,2,0,0,0,1,1,0,0,11,16,4,6,3,7,13,10,49,51,1.97,1.81,1.01,1.71,2.92,59,84,59,34,34,17,84,59,84,12.5,4.67,2.1,3.4,2.9,1.21,1.74,2.71,4.81,1.62,2.2,,S6356C5B55D
1730556000,Nov 02 2024 - 2:00pm,complete,,Goa,Bengaluru,,,0.33,2.0,1.4,1.33,3,0,3,0,0,0,"63,72,90'3",,9,3,2,0,1,0,0,2,1,0,21,7,6,2,11,3,14,9,51,49,2.05,1.09,2.16,0.85,3.0,75,75,75,42,17,59,75,59,75,7.0,4.17,1.98,3.44,3.27,1.23,1.75,2.8,5.0,1.67,2.12,,S635DD9FEC6
1730633400,Nov 03 2024 - 11:30am,complete,,NorthEast United,Odisha FC,,,1.33,0.5,1.75,0.33,3,2,5,2,2,0,"12,40,71","60,83",6,8,0,0,2,0,0,0,1,1,16,16,5,8,7,5,9,9,36,64,1.55,0.93,1.54,1.81,3.25,84,100,59,34,34,59,84,75,75,7.5,4.33,2.65,3.3,2.4,1.19,1.63,2.55,4.5,1.54,2.38,,S635BBD1CD1
1730642400,Nov 03 2024 - 2:00pm,complete,,Mumbai City,Kerala Blasters,Senthil Nathan,7.0,1.0,1.67,1.67,1.25,4,2,6,1,1,0,"9,55,75,90","57,71",4,4,1,0,4,1,1,0,2,3,16,15,6,3,5,10,7,9,46,54,1.51,1.63,1.52,1.49,2.0,75,75,34,17,0,42,59,34,34,13.33,3.0,1.6,3.94,4.93,1.18,1.58,2.28,4.2,1.65,2.16,Mumbai Football Arena (Mumbai),S635D1DD072
1730728800,Nov 04 2024 - 2:00pm,complete,,Jamshedpur,Chennaiyin,,,3.0,1.75,2.25,2.0,1,5,6,3,0,3,81,"6,22,24,54,71",3,9,3,0,2,0,1,2,0,2,16,22,5,11,9,7,15,17,54,46,1.69,1.79,1.6,2.54,3.54,71,88,71,54,54,46,88,54,88,9.75,6.0,2.81,3.61,2.25,1.17,1.53,2.43,4.1,1.5,2.49,,S63593C31A9
1730901600,Nov 06 2024 - 2:00pm,complete,,Goa,Minerva Punjab,R Venkatesh,8.0,1.0,1.5,1.4,1.0,2,1,3,2,1,1,"22,49",13,3,1,0,0,2,0,0,0,1,1,18,10,10,4,6,5,14,14,38,62,2.09,1.29,2.04,1.21,2.88,63,75,75,13,13,25,63,63,75,10.17,5.25,1.81,3.83,3.75,1.23,1.68,2.75,5.0,1.68,2.1,Pandit Jawaharlal Nehru Stadium (Margao),S6350148E74
1730988000,Nov 07 2024 - 2:00pm,incomplete,,Kerala Blasters,Hyderabad,,8.0,1.0,0.75,1.0,0.75,0,0,0,0,0,0,,,-1,-1,-1,-1,-1,-1,-1,-1,-1,-1,-1,-1,-1,-1,-1,-1,-1,-1,-1,-1,1.37,1.36,0.0,0.0,3.17,63,100,88,29,0,42,67,63,100,6.75,5.33,1.34,4.85,7.6,1.14,1.61,2.4,4.5,1.87,1.9,Jawaharlal Nehru International Stadium (Kochi),S635F79662A
1731074400,Nov 08 2024 - 2:00pm,incomplete,,Bengaluru,NorthEast United,,8.0,3.0,1.33,3.0,1.33,0,0,0,0,0,0,,,-1,-1,-1,-1,-1,-1,-1,-1,-1,-1,-1,-1,-1,-1,-1,-1,-1,-1,-1,-1,1.39,1.35,0.0,0.0,3.0,34,59,59,34,34,46,84,46,75,9.25,5.75,1.68,3.82,4.45,1.23,1.72,2.8,5.0,1.69,2.09,Sree Kanteerava Stadium (Bangalore),S6356A9B7D5
1731151800,Nov 09 2024 - 11:30am,incomplete,,Chennaiyin,Mumbai City,,8.0,0.5,1.33,0.5,1.33,0,0,0,0,0,0,,,-1,-1,-1,-1,-1,-1,-1,-1,-1,-1,-1,-1,-1,-1,-1,-1,-1,-1,-1,-1,1.68,1.87,0.0,0.0,3.25,75,75,75,59,17,75,100,59,75,14.5,6.17,3.08,3.5,2.12,1.26,1.8,2.95,5.4,1.67,2.13,Jawaharlal Nehru Stadium (Chennai),S6350DC18FA
1731160800,Nov 09 2024 - 2:00pm,incomplete,,East Bengal,Mohammedan,,8.0,0.0,1.5,0.0,1.5,0,0,0,0,0,0,,,-1,-1,-1,-1,-1,-1,-1,-1,-1,-1,-1,-1,-1,-1,-1,-1,-1,-1,-1,-1,0.83,0.87,0.0,0.0,2.75,25,75,50,25,25,50,100,25,50,3.5,6.5,1.67,3.7,4.0,1.21,1.65,2.43,4.6,1.67,2.12,Vivekananda Yuba Bharati Krirangan Stadium (Kolkata),S635EBE8BD2
1731247200,Nov 10 2024 - 2:00pm,incomplete,,Odisha FC,ATK Mohun Bagan,,8.0,1.75,2.0,1.75,2.0,0,0,0,0,0,0,,,-1,-1,-1,-1,-1,-1,-1,-1,-1,-1,-1,-1,-1,-1,-1,-1,-1,-1,-1,-1,1.58,1.64,0.0,0.0,3.04,50,100,67,25,13,54,100,13,88,15.58,5.25,3.0,3.3,2.09,1.21,1.66,2.65,4.7,1.59,2.27,Kalinga Stadium (Bhubaneswar),S635321BCBB
1732361400,Nov 23 2024 - 11:30am,incomplete,,Minerva Punjab,NorthEast United,,9.0,3.0,1.33,3.0,1.33,0,0,0,0,0,0,,,-1,-1,-1,-1,-1,-1,-1,-1,-1,-1,-1,-1,-1,-1,-1,-1,-1,-1,-1,-1,1.65,1.35,0.0,0.0,3.67,67,84,67,50,50,34,84,67,100,9.33,5.0,0.0,0.0,0.0,0.0,0.0,0.0,0.0,0.0,0.0,Jawaharlal Nehru Stadium (New Delhi),S6352B27D74
1732370400,Nov 23 2024 - 2:00pm,incomplete,,ATK Mohun Bagan,Jamshedpur,,9.0,2.33,1.0,2.33,1.0,0,0,0,0,0,0,,,-1,-1,-1,-1,-1,-1,-1,-1,-1,-1,-1,-1,-1,-1,-1,-1,-1,-1,-1,-1,1.54,1.43,0.0,0.0,3.84,67,100,100,50,33,84,100,67,84,9.33,5.33,0.0,0.0,0.0,0.0,0.0,0.0,0.0,0.0,0.0,Vivekananda Yuba Bharati Krirangan Stadium (Kolkata),S63539850F4
1732456800,Nov 24 2024 - 2:00pm,incomplete,,Kerala Blasters,Chennaiyin,,9.0,1.0,2.0,1.0,2.0,0,0,0,0,0,0,,,-1,-1,-1,-1,-1,-1,-1,-1,-1,-1,-1,-1,-1,-1,-1,-1,-1,-1,-1,-1,1.37,1.94,0.0,0.0,3.77,90,90,90,57,40,37,57,90,90,9.4,5.33,0.0,0.0,0.0,0.0,0.0,0.0,0.0,0.0,0.0,Jawaharlal Nehru International Stadium (Kochi),S635701B69A
1732543200,Nov 25 2024 - 2:00pm,incomplete,,Hyderabad,Odisha FC,,9.0,0.5,0.33,0.5,0.33,0,0,0,0,0,0,,,-1,-1,-1,-1,-1,-1,-1,-1,-1,-1,-1,-1,-1,-1,-1,-1,-1,-1,-1,-1,1.18,1.22,0.0,0.0,2.17,50,75,34,17,17,34,75,34,59,8.83,4.67,0.0,0.0,0.0,0.0,0.0,0.0,0.0,0.0,0.0,GMC Balayogi Stadium (Hyderabad),S63503160E7
1732629600,Nov 26 2024 - 2:00pm,incomplete,,Mumbai City,Minerva Punjab,,9.0,1.67,1.0,1.67,1.0,0,0,0,0,0,0,,,-1,-1,-1,-1,-1,-1,-1,-1,-1,-1,-1,-1,-1,-1,-1,-1,-1,-1,-1,-1,1.51,1.27,0.0,0.0,2.5,67,67,50,17,17,33,67,33,50,8.0,4.0,0.0,0.0,0.0,0.0,0.0,0.0,0.0,0.0,0.0,Mumbai Football Arena (Mumbai),S635BEFC24E
1732716000,Nov 27 2024 - 2:00pm,incomplete,,Mohammedan,Bengaluru,,9.0,0.25,1.33,0.25,1.33,0,0,0,0,0,0,,,-1,-1,-1,-1,-1,-1,-1,-1,-1,-1,-1,-1,-1,-1,-1,-1,-1,-1,-1,-1,1.75,1.01,0.0,0.0,2.42,42,71,59,29,0,29,42,59,84,7.75,5.0,0.0,0.0,0.0,0.0,0.0,0.0,0.0,0.0,0.0,Kishore Bharati Krirangan (Kalkātā (Kolkata)),S6357C9352F
1732802400,Nov 28 2024 - 2:00pm,incomplete,,Kerala Blasters,Goa,,10.0,1.0,1.67,1.0,1.67,0,0,0,0,0,0,,,-1,-1,-1,-1,-1,-1,-1,-1,-1,-1,-1,-1,-1,-1,-1,-1,-1,-1,-1,-1,1.37,1.48,0.0,0.0,3.5,100,100,84,50,17,50,50,100,100,7.0,6.66,0.0,0.0,0.0,0.0,0.0,0.0,0.0,0.0,0.0,Jawaharlal Nehru International Stadium (Kochi),S6356957AD9
1732888800,Nov 29 2024 - 2:00pm,incomplete,,East Bengal,NorthEast United,,10.0,0.0,1.33,0.0,1.33,0,0,0,0,0,0,,,-1,-1,-1,-1,-1,-1,-1,-1,-1,-1,-1,-1,-1,-1,-1,-1,-1,-1,-1,-1,0.83,1.35,0.0,0.0,3.75,59,84,59,59,59,59,84,59,100,7.0,5.5,0.0,0.0,0.0,0.0,0.0,0.0,0.0,0.0,0.0,Vivekananda Yuba Bharati Krirangan Stadium (Kolkata),S6350172F95
1732966200,Nov 30 2024 - 11:30am,incomplete,,Mumbai City,Hyderabad,,10.0,1.67,0.75,1.67,0.75,0,0,0,0,0,0,,,-1,-1,-1,-1,-1,-1,-1,-1,-1,-1,-1,-1,-1,-1,-1,-1,-1,-1,-1,-1,1.51,1.36,0.0,0.0,2.84,46,84,54,29,17,42,84,29,67,9.08,3.0,0.0,0.0,0.0,0.0,0.0,0.0,0.0,0.0,0.0,Mumbai Football Arena (Mumbai),S63584CF37E
1732975200,Nov 30 2024 - 2:00pm,incomplete,,ATK Mohun Bagan,Chennaiyin,,10.0,2.33,2.0,2.33,2.0,0,0,0,0,0,0,,,-1,-1,-1,-1,-1,-1,-1,-1,-1,-1,-1,-1,-1,-1,-1,-1,-1,-1,-1,-1,1.54,1.94,0.0,0.0,4.1,74,90,90,74,57,70,90,74,74,12.73,5.33,0.0,0.0,0.0,0.0,0.0,0.0,0.0,0.0,0.0,Vivekananda Yuba Bharati Krirangan Stadium (Kolkata),S635F51A471
1733061600,Dec 01 2024 - 2:00pm,incomplete,,Odisha FC,Bengaluru,,10.0,1.75,1.33,1.75,1.33,0,0,0,0,0,0,,,-1,-1,-1,-1,-1,-1,-1,-1,-1,-1,-1,-1,-1,-1,-1,-1,-1,-1,-1,-1,1.58,1.01,0.0,0.0,3.04,67,84,84,42,13,54,67,46,71,9.25,3.25,0.0,0.0,0.0,0.0,0.0,0.0,0.0,0.0,0.0,Kalinga Stadium (Bhubaneswar),S63592A7712
1733148000,Dec 02 2024 - 2:00pm,incomplete,,Jamshedpur,Mohammedan,,10.0,2.25,1.5,2.25,1.5,0,0,0,0,0,0,,,-1,-1,-1,-1,-1,-1,-1,-1,-1,-1,-1,-1,-1,-1,-1,-1,-1,-1,-1,-1,1.66,0.87,0.0,0.0,3.0,38,75,63,25,25,63,100,25,50,5.17,7.75,0.0,0.0,0.0,0.0,0.0,0.0,0.0,0.0,0.0,JRD Tata Sports Complex (Jamshedpur),S63577D0142
1733320800,Dec 04 2024 - 2:00pm,incomplete,,Hyderabad,Goa,,11.0,0.5,1.67,0.5,1.67,0,0,0,0,0,0,,,-1,-1,-1,-1,-1,-1,-1,-1,-1,-1,-1,-1,-1,-1,-1,-1,-1,-1,-1,-1,1.18,1.48,0.0,0.0,2.34,50,75,34,34,17,34,59,50,75,8.5,5.33,0.0,0.0,0.0,0.0,0.0,0.0,0.0,0.0,0.0,GMC Balayogi Stadium (Hyderabad),S635AC1DBB9
1733407200,Dec 05 2024 - 2:00pm,incomplete,,Odisha FC,Mumbai City,,11.0,1.75,1.33,1.75,1.33,0,0,0,0,0,0,,,-1,-1,-1,-1,-1,-1,-1,-1,-1,-1,-1,-1,-1,-1,-1,-1,-1,-1,-1,-1,1.58,1.87,0.0,0.0,3.88,100,100,100,59,29,88,100,46,88,13.75,3.92,0.0,0.0,0.0,0.0,0.0,0.0,0.0,0.0,0.0,Kalinga Stadium (Bhubaneswar),S63513DCDFC
1733493600,Dec 06 2024 - 2:00pm,incomplete,,Minerva Punjab,Mohammedan,,11.0,3.0,1.5,3.0,1.5,0,0,0,0,0,0,,,-1,-1,-1,-1,-1,-1,-1,-1,-1,-1,-1,-1,-1,-1,-1,-1,-1,-1,-1,-1,1.65,0.87,0.0,0.0,2.67,34,75,59,17,17,25,100,34,50,5.83,6.0,0.0,0.0,0.0,0.0,0.0,0.0,0.0,0.0,0.0,Jawaharlal Nehru Stadium (New Delhi),S6356E232F2
1733571000,Dec 07 2024 - 11:30am,incomplete,,Chennaiyin,East Bengal,,11.0,0.5,0.0,0.5,0.0,0,0,0,0,0,0,,,-1,-1,-1,-1,-1,-1,-1,-1,-1,-1,-1,-1,-1,-1,-1,-1,-1,-1,-1,-1,1.68,1.27,0.0,0.0,2.38,50,63,50,25,0,38,88,38,63,13.33,8.0,0.0,0.0,0.0,0.0,0.0,0.0,0.0,0.0,0.0,Jawaharlal Nehru Stadium (Chennai),S63534DD242
1733580000,Dec 07 2024 - 2:00pm,incomplete,,Bengaluru,Kerala Blasters,,11.0,3.0,1.25,3.0,1.25,0,0,0,0,0,0,,,-1,-1,-1,-1,-1,-1,-1,-1,-1,-1,-1,-1,-1,-1,-1,-1,-1,-1,-1,-1,1.39,1.59,0.0,0.0,2.88,50,75,63,25,13,25,88,50,63,10.75,5.5,0.0,0.0,0.0,0.0,0.0,0.0,0.0,0.0,0.0,Sree Kanteerava Stadium (Bangalore),S63561E1173
1733666400,Dec 08 2024 - 2:00pm,incomplete,,NorthEast United,ATK Mohun Bagan,,11.0,1.75,2.0,1.75,2.0,0,0,0,0,0,0,,,-1,-1,-1,-1,-1,-1,-1,-1,-1,-1,-1,-1,-1,-1,-1,-1,-1,-1,-1,-1,1.55,1.64,0.0,0.0,3.29,38,100,54,38,38,54,88,50,100,13.66,5.0,0.0,0.0,0.0,0.0,0.0,0.0,0.0,0.0,0.0,Indira Gandhi Athletic Stadium (Guwahati),S635536D2DB
1733925600,Dec 11 2024 - 2:00pm,incomplete,,Chennaiyin,Hyderabad,,12.0,0.5,0.75,0.5,0.75,0,0,0,0,0,0,,,-1,-1,-1,-1,-1,-1,-1,-1,-1,-1,-1,-1,-1,-1,-1,-1,-1,-1,-1,-1,1.68,1.36,0.0,0.0,2.75,38,75,63,38,0,50,100,38,75,11.75,5.5,0.0,0.0,0.0,0.0,0.0,0.0,0.0,0.0,0.0,Jawaharlal Nehru Stadium (Chennai),S6354430B38
1734012000,Dec 12 2024 - 2:00pm,incomplete,,East Bengal,Odisha FC,,12.0,0.0,0.33,0.0,0.33,0,0,0,0,0,0,,,-1,-1,-1,-1,-1,-1,-1,-1,-1,-1,-1,-1,-1,-1,-1,-1,-1,-1,-1,-1,0.83,1.22,0.0,0.0,3.42,75,100,59,42,42,59,100,59,84,6.33,5.17,0.0,0.0,0.0,0.0,0.0,0.0,0.0,0.0,0.0,Vivekananda Yuba Bharati Krirangan Stadium (Kolkata),S635B54FC45
1734098400,Dec 13 2024 - 2:00pm,incomplete,,Jamshedpur,Minerva Punjab,,12.0,2.25,1.0,2.25,1.0,0,0,0,0,0,0,,,-1,-1,-1,-1,-1,-1,-1,-1,-1,-1,-1,-1,-1,-1,-1,-1,-1,-1,-1,-1,1.66,1.27,0.0,0.0,3.17,71,84,71,25,25,54,84,42,84,6.34,6.75,0.0,0.0,0.0,0.0,0.0,0.0,0.0,0.0,0.0,JRD Tata Sports Complex (Jamshedpur),S63534742B1
1734175800,Dec 14 2024 - 11:30am,incomplete,,Bengaluru,Goa,,12.0,3.0,1.67,3.0,1.67,0,0,0,0,0,0,,,-1,-1,-1,-1,-1,-1,-1,-1,-1,-1,-1,-1,-1,-1,-1,-1,-1,-1,-1,-1,1.39,1.48,0.0,0.0,2.84,50,75,59,34,17,46,84,63,75,8.25,6.08,0.0,0.0,0.0,0.0,0.0,0.0,0.0,0.0,0.0,Sree Kanteerava Stadium (Bangalore),S6356F4971C
1734184800,Dec 14 2024 - 2:00pm,incomplete,,ATK Mohun Bagan,Kerala Blasters,,12.0,2.33,1.25,2.33,1.25,0,0,0,0,0,0,,,-1,-1,-1,-1,-1,-1,-1,-1,-1,-1,-1,-1,-1,-1,-1,-1,-1,-1,-1,-1,1.54,1.59,0.0,0.0,3.88,84,100,88,59,29,63,88,71,71,12.83,6.08,0.0,0.0,0.0,0.0,0.0,0.0,0.0,0.0,0.0,Vivekananda Yuba Bharati Krirangan Stadium (Kolkata),S635DCD0811
1734271200,Dec 15 2024 - 2:00pm,incomplete,,Mohammedan,Mumbai City,,12.0,0.25,1.33,0.25,1.33,0,0,0,0,0,0,,,-1,-1,-1,-1,-1,-1,-1,-1,-1,-1,-1,-1,-1,-1,-1,-1,-1,-1,-1,-1,1.75,1.87,0.0,0.0,3.25,75,88,75,46,17,63,75,59,100,12.25,5.67,0.0,0.0,0.0,0.0,0.0,0.0,0.0,0.0,0.0,Kishore Bharati Krirangan (Kalkātā (Kolkata)),S6355DE3D0F
1734444000,Dec 17 2024 - 2:00pm,incomplete,,East Bengal,Minerva Punjab,,13.0,0.0,1.0,0.0,1.0,0,0,0,0,0,0,,,-1,-1,-1,-1,-1,-1,-1,-1,-1,-1,-1,-1,-1,-1,-1,-1,-1,-1,-1,-1,0.83,1.27,0.0,0.0,2.92,59,84,59,25,25,42,84,42,84,4.67,5.5,0.0,0.0,0.0,0.0,0.0,0.0,0.0,0.0,0.0,Vivekananda Yuba Bharati Krirangan Stadium (Kolkata),S635CD8BD0A
1734703200,Dec 20 2024 - 2:00pm,incomplete,,Goa,ATK Mohun Bagan,,13.0,1.4,2.0,1.4,2.0,0,0,0,0,0,0,,,-1,-1,-1,-1,-1,-1,-1,-1,-1,-1,-1,-1,-1,-1,-1,-1,-1,-1,-1,-1,2.08,1.64,0.0,0.0,2.97,40,100,67,10,10,47,90,30,100,14.08,5.4,0.0,0.0,0.0,0.0,0.0,0.0,0.0,0.0,0.0,Pandit Jawaharlal Nehru Stadium (Margao),S63523E12B0
1734780600,Dec 21 2024 - 11:30am,incomplete,,Mumbai City,Chennaiyin,,13.0,1.67,2.0,1.67,2.0,0,0,0,0,0,0,,,-1,-1,-1,-1,-1,-1,-1,-1,-1,-1,-1,-1,-1,-1,-1,-1,-1,-1,-1,-1,1.51,1.94,0.0,0.0,3.44,74,74,57,57,57,37,74,57,57,11.73,3.0,0.0,0.0,0.0,0.0,0.0,0.0,0.0,0.0,0.0,Mumbai Football Arena (Mumbai),S63527CDBCD
1734789600,Dec 21 2024 - 2:00pm,incomplete,,East Bengal,Jamshedpur,,13.0,0.0,1.0,0.0,1.0,0,0,0,0,0,0,,,-1,-1,-1,-1,-1,-1,-1,-1,-1,-1,-1,-1,-1,-1,-1,-1,-1,-1,-1,-1,0.83,1.43,0.0,0.0,3.59,59,100,75,42,42,59,100,59,100,5.0,4.5,0.0,0.0,0.0,0.0,0.0,0.0,0.0,0.0,0.0,Vivekananda Yuba Bharati Krirangan Stadium (Kolkata),S6356DFD3EB
1734876000,Dec 22 2024 - 2:00pm,incomplete,,Kerala Blasters,Mohammedan,,13.0,1.0,1.5,1.0,1.5,0,0,0,0,0,0,,,-1,-1,-1,-1,-1,-1,-1,-1,-1,-1,-1,-1,-1,-1,-1,-1,-1,-1,-1,-1,1.37,0.87,0.0,0.0,2.67,50,75,75,17,0,42,67,50,50,4.5,7.33,0.0,0.0,0.0,0.0,0.0,0.0,0.0,0.0,0.0,Jawaharlal Nehru International Stadium (Kochi),S635EB7C0AB
1734962400,Dec 23 2024 - 2:00pm,incomplete,,Hyderabad,NorthEast United,,13.0,0.5,1.33,0.5,1.33,0,0,0,0,0,0,,,-1,-1,-1,-1,-1,-1,-1,-1,-1,-1,-1,-1,-1,-1,-1,-1,-1,-1,-1,-1,1.18,1.35,0.0,0.0,2.5,34,59,34,34,34,34,59,34,75,9.5,5.0,0.0,0.0,0.0,0.0,0.0,0.0,0.0,0.0,0.0,GMC Balayogi Stadium (Hyderabad),S635D7F083D
1735221600,Dec 26 2024 - 2:00pm,incomplete,,Minerva Punjab,ATK Mohun Bagan,,14.0,3.0,2.0,3.0,2.0,0,0,0,0,0,0,,,-1,-1,-1,-1,-1,-1,-1,-1,-1,-1,-1,-1,-1,-1,-1,-1,-1,-1,-1,-1,1.65,1.64,0.0,0.0,2.83,34,100,50,17,17,17,100,34,100,12.66,6.0,0.0,0.0,0.0,0.0,0.0,0.0,0.0,0.0,0.0,Jawaharlal Nehru Stadium (New Delhi),S63576EF324
1735308000,Dec 27 2024 - 2:00pm,incomplete,,Mohammedan,Odisha FC,,14.0,0.25,0.33,0.25,0.33,0,0,0,0,0,0,,,-1,-1,-1,-1,-1,-1,-1,-1,-1,-1,-1,-1,-1,-1,-1,-1,-1,-1,-1,-1,1.75,1.22,0.0,0.0,2.92,75,88,59,29,17,46,75,59,84,10.08,5.67,0.0,0.0,0.0,0.0,0.0,0.0,0.0,0.0,0.0,Kishore Bharati Krirangan (Kalkātā (Kolkata)),S6356846E02
1735385400,Dec 28 2024 - 11:30am,incomplete,,Hyderabad,East Bengal,,14.0,0.5,0.0,0.5,0.0,0,0,0,0,0,0,,,-1,-1,-1,-1,-1,-1,-1,-1,-1,-1,-1,-1,-1,-1,-1,-1,-1,-1,-1,-1,1.18,1.27,0.0,0.0,1.63,25,63,25,0,0,13,63,13,63,9.83,6.5,0.0,0.0,0.0,0.0,0.0,0.0,0.0,0.0,0.0,GMC Balayogi Stadium (Hyderabad),S6350D7C218
1735394400,Dec 28 2024 - 2:00pm,incomplete,,Chennaiyin,Bengaluru,,14.0,0.5,1.33,0.5,1.33,0,0,0,0,0,0,,,-1,-1,-1,-1,-1,-1,-1,-1,-1,-1,-1,-1,-1,-1,-1,-1,-1,-1,-1,-1,1.68,1.01,0.0,0.0,2.42,42,59,59,42,0,42,67,59,59,10.0,5.5,0.0,0.0,0.0,0.0,0.0,0.0,0.0,0.0,0.0,Jawaharlal Nehru Stadium (Chennai),S63588818FA
1735480800,Dec 29 2024 - 2:00pm,incomplete,,Jamshedpur,Kerala Blasters,,14.0,2.25,1.25,2.25,1.25,0,0,0,0,0,0,,,-1,-1,-1,-1,-1,-1,-1,-1,-1,-1,-1,-1,-1,-1,-1,-1,-1,-1,-1,-1,1.66,1.59,0.0,0.0,3.88,88,100,75,50,38,50,88,63,88,10.17,6.5,0.0,0.0,0.0,0.0,0.0,0.0,0.0,0.0,0.0,JRD Tata Sports Complex (Jamshedpur),S635293E978
1735567200,Dec 30 2024 - 2:00pm,incomplete,,Mumbai City,NorthEast United,,14.0,1.67,1.33,1.67,1.33,0,0,0,0,0,0,,,-1,-1,-1,-1,-1,-1,-1,-1,-1,-1,-1,-1,-1,-1,-1,-1,-1,-1,-1,-1,1.51,1.35,0.0,0.0,3.34,67,67,50,50,50,50,67,50,67,10.33,4.0,0.0,0.0,0.0,0.0,0.0,0.0,0.0,0.0,0.0,Mumbai Football Arena (Mumbai),S6358E17336
1735826400,Jan 02 2025 - 2:00pm,incomplete,-1.0,ATK Mohun Bagan,Hyderabad,,15.0,2.33,0.75,2.33,0.75,0,0,0,0,0,0,,,-1,-1,-1,-1,-1,-1,-1,-1,-1,-1,-1,-1,-1,-1,-1,-1,-1,-1,-1,-1,1.54,1.36,0.0,0.0,3.5,46,100,88,46,17,75,100,46,84,10.08,5.33,0.0,0.0,0.0,0.0,0.0,0.0,0.0,0.0,0.0,Vivekananda Yuba Bharati Krirangan Stadium (Kolkata),S6351BAC601
1735912800,Jan 03 2025 - 2:00pm,incomplete,-1.0,NorthEast United,Mohammedan,,15.0,1.75,1.5,1.75,1.5,0,0,0,0,0,0,,,-1,-1,-1,-1,-1,-1,-1,-1,-1,-1,-1,-1,-1,-1,-1,-1,-1,-1,-1,-1,1.55,0.87,0.0,0.0,3.13,38,75,63,38,38,63,88,50,50,6.83,5.0,0.0,0.0,0.0,0.0,0.0,0.0,0.0,0.0,0.0,Indira Gandhi Athletic Stadium (Guwahati),S635F504CD3
1735990200,Jan 04 2025 - 11:30am,incomplete,-1.0,Odisha FC,Goa,,15.0,1.75,1.67,1.75,1.67,0,0,0,0,0,0,,,-1,-1,-1,-1,-1,-1,-1,-1,-1,-1,-1,-1,-1,-1,-1,-1,-1,-1,-1,-1,1.58,1.48,0.0,0.0,3.71,100,100,84,59,29,71,84,63,88,11.25,4.58,0.0,0.0,0.0,0.0,0.0,0.0,0.0,0.0,0.0,Kalinga Stadium (Bhubaneswar),S635FF885CC
1735999200,Jan 04 2025 - 2:00pm,incomplete,-1.0,Jamshedpur,Bengaluru,,15.0,2.25,1.33,2.25,1.33,0,0,0,0,0,0,,,-1,-1,-1,-1,-1,-1,-1,-1,-1,-1,-1,-1,-1,-1,-1,-1,-1,-1,-1,-1,1.66,1.01,0.0,0.0,3.17,54,84,71,42,25,54,67,59,84,5.67,5.75,0.0,0.0,0.0,0.0,0.0,0.0,0.0,0.0,0.0,JRD Tata Sports Complex (Jamshedpur),S635CDA7A33
1736085600,Jan 05 2025 - 2:00pm,incomplete,-1.0,Minerva Punjab,Kerala Blasters,,15.0,3.0,1.25,3.0,1.25,0,0,0,0,0,0,,,-1,-1,-1,-1,-1,-1,-1,-1,-1,-1,-1,-1,-1,-1,-1,-1,-1,-1,-1,-1,1.65,1.59,0.0,0.0,3.54,84,100,71,42,29,13,88,71,88,10.83,4.75,0.0,0.0,0.0,0.0,0.0,0.0,0.0,0.0,0.0,Jawaharlal Nehru Stadium (New Delhi),S635201A36F
1736172000,Jan 06 2025 - 2:00pm,incomplete,-1.0,East Bengal,Mumbai City,,15.0,0.0,1.33,0.0,1.33,0,0,0,0,0,0,,,-1,-1,-1,-1,-1,-1,-1,-1,-1,-1,-1,-1,-1,-1,-1,-1,-1,-1,-1,-1,0.83,1.87,0.0,0.0,3.75,75,100,75,59,42,75,100,59,100,8.5,5.17,0.0,0.0,0.0,0.0,0.0,0.0,0.0,0.0,0.0,Vivekananda Yuba Bharati Krirangan Stadium (Kolkata),S635F09C412
1736344800,Jan 08 2025 - 2:00pm,incomplete,-1.0,Goa,Hyderabad,,16.0,1.4,0.75,1.4,0.75,0,0,0,0,0,0,,,-1,-1,-1,-1,-1,-1,-1,-1,-1,-1,-1,-1,-1,-1,-1,-1,-1,-1,-1,-1,2.08,1.36,0.0,0.0,3.3,53,100,88,23,10,55,90,43,100,9.5,3.4,0.0,0.0,0.0,0.0,0.0,0.0,0.0,0.0,0.0,Pandit Jawaharlal Nehru Stadium (Margao),S635092A396
1736431200,Jan 09 2025 - 2:00pm,incomplete,-1.0,Chennaiyin,Odisha FC,,,0.5,0.33,0.5,0.33,0,0,0,0,0,0,,,-1,-1,-1,-1,-1,-1,-1,-1,-1,-1,-1,-1,-1,-1,-1,-1,-1,-1,-1,-1,1.68,1.22,0.0,0.0,2.92,75,75,59,42,17,59,100,59,59,12.33,6.17,0.0,0.0,0.0,0.0,0.0,0.0,0.0,0.0,0.0,,S6359EFDDEB
1736517600,Jan 10 2025 - 2:00pm,incomplete,-1.0,NorthEast United,Minerva Punjab,,16.0,1.75,1.0,1.75,1.0,0,0,0,0,0,0,,,-1,-1,-1,-1,-1,-1,-1,-1,-1,-1,-1,-1,-1,-1,-1,-1,-1,-1,-1,-1,1.55,1.27,0.0,0.0,3.29,71,84,71,38,38,54,71,67,84,8.0,4.0,0.0,0.0,0.0,0.0,0.0,0.0,0.0,0.0,0.0,Indira Gandhi Athletic Stadium (Guwahati),S6351F0A8F2
1736595000,Jan 11 2025 - 11:30am,incomplete,-1.0,Bengaluru,Mohammedan,,16.0,3.0,1.5,3.0,1.5,0,0,0,0,0,0,,,-1,-1,-1,-1,-1,-1,-1,-1,-1,-1,-1,-1,-1,-1,-1,-1,-1,-1,-1,-1,1.39,0.87,0.0,0.0,2.0,0,50,50,0,0,38,100,13,25,5.75,6.75,0.0,0.0,0.0,0.0,0.0,0.0,0.0,0.0,0.0,Sree Kanteerava Stadium (Bangalore),S635C4A5CCC
1736604000,Jan 11 2025 - 2:00pm,incomplete,-1.0,ATK Mohun Bagan,East Bengal,,16.0,2.33,0.0,2.33,0.0,0,0,0,0,0,0,,,-1,-1,-1,-1,-1,-1,-1,-1,-1,-1,-1,-1,-1,-1,-1,-1,-1,-1,-1,-1,1.54,1.27,0.0,0.0,3.13,59,88,75,34,17,63,88,46,71,11.66,7.83,0.0,0.0,0.0,0.0,0.0,0.0,0.0,0.0,0.0,Vivekananda Yuba Bharati Krirangan Stadium (Kolkata),S635D8A8C63
1736690400,Jan 12 2025 - 2:00pm,incomplete,-1.0,Mumbai City,Jamshedpur,,16.0,1.67,1.0,1.67,1.0,0,0,0,0,0,0,,,-1,-1,-1,-1,-1,-1,-1,-1,-1,-1,-1,-1,-1,-1,-1,-1,-1,-1,-1,-1,1.51,1.43,0.0,0.0,3.17,67,84,67,33,33,50,84,50,67,8.33,3.0,0.0,0.0,0.0,0.0,0.0,0.0,0.0,0.0,0.0,Mumbai Football Arena (Mumbai),S635AA0EA27
1736776800,Jan 13 2025 - 2:00pm,incomplete,-1.0,Kerala Blasters,Odisha FC,,17.0,1.0,0.33,1.0,0.33,0,0,0,0,0,0,,,-1,-1,-1,-1,-1,-1,-1,-1,-1,-1,-1,-1,-1,-1,-1,-1,-1,-1,-1,-1,1.37,1.22,0.0,0.0,3.33,100,100,84,33,17,50,67,84,84,7.33,6.0,0.0,0.0,0.0,0.0,0.0,0.0,0.0,0.0,0.0,Jawaharlal Nehru International Stadium (Kochi),S635B330E5C
1736863200,Jan 14 2025 - 2:00pm,incomplete,-1.0,NorthEast United,Goa,,17.0,1.75,1.67,1.75,1.67,0,0,0,0,0,0,,,-1,-1,-1,-1,-1,-1,-1,-1,-1,-1,-1,-1,-1,-1,-1,-1,-1,-1,-1,-1,1.55,1.48,0.0,0.0,3.96,88,100,71,71,54,71,71,100,100,9.33,4.33,0.0,0.0,0.0,0.0,0.0,0.0,0.0,0.0,0.0,Indira Gandhi Athletic Stadium (Guwahati),S6358DB8BD4
1736949600,Jan 15 2025 - 2:00pm,incomplete,-1.0,Mohammedan,Chennaiyin,,17.0,0.25,2.0,0.25,2.0,0,0,0,0,0,0,,,-1,-1,-1,-1,-1,-1,-1,-1,-1,-1,-1,-1,-1,-1,-1,-1,-1,-1,-1,-1,1.75,1.94,0.0,0.0,3.35,65,78,65,53,40,33,65,65,90,12.15,5.0,0.0,0.0,0.0,0.0,0.0,0.0,0.0,0.0,0.0,Kishore Bharati Krirangan (Kalkātā (Kolkata)),S635056DF71
1737036000,Jan 16 2025 - 2:00pm,incomplete,-1.0,Minerva Punjab,Mumbai City,,,3.0,1.33,3.0,1.33,0,0,0,0,0,0,,,-1,-1,-1,-1,-1,-1,-1,-1,-1,-1,-1,-1,-1,-1,-1,-1,-1,-1,-1,-1,1.65,1.87,0.0,0.0,3.67,84,100,84,50,33,50,100,67,100,10.83,4.67,0.0,0.0,0.0,0.0,0.0,0.0,0.0,0.0,0.0,,S6356C84126
1737122400,Jan 17 2025 - 2:00pm,incomplete,-1.0,Jamshedpur,ATK Mohun Bagan,,17.0,2.25,2.0,2.25,2.0,0,0,0,0,0,0,,,-1,-1,-1,-1,-1,-1,-1,-1,-1,-1,-1,-1,-1,-1,-1,-1,-1,-1,-1,-1,1.66,1.64,0.0,0.0,3.17,38,100,54,25,25,54,100,25,100,12.0,7.75,0.0,0.0,0.0,0.0,0.0,0.0,0.0,0.0,0.0,JRD Tata Sports Complex (Jamshedpur),S635A298AF6
1737199800,Jan 18 2025 - 11:30am,incomplete,-1.0,Hyderabad,Bengaluru,,,0.5,1.33,0.5,1.33,0,0,0,0,0,0,,,-1,-1,-1,-1,-1,-1,-1,-1,-1,-1,-1,-1,-1,-1,-1,-1,-1,-1,-1,-1,1.18,1.01,0.0,0.0,1.67,17,59,34,17,0,17,42,34,59,6.5,4.0,0.0,0.0,0.0,0.0,0.0,0.0,0.0,0.0,0.0,,S635991383E
1737208800,Jan 18 2025 - 2:00pm,incomplete,-1.0,Kerala Blasters,NorthEast United,,17.0,1.0,1.33,1.0,1.33,0,0,0,0,0,0,,,-1,-1,-1,-1,-1,-1,-1,-1,-1,-1,-1,-1,-1,-1,-1,-1,-1,-1,-1,-1,1.37,1.35,0.0,0.0,3.67,84,84,84,50,34,50,50,84,100,8.0,6.33,0.0,0.0,0.0,0.0,0.0,0.0,0.0,0.0,0.0,Jawaharlal Nehru International Stadium (Kochi),S6351D00999
1737295200,Jan 19 2025 - 2:00pm,incomplete,-1.0,Goa,East Bengal,,17.0,1.4,0.0,1.4,0.0,0,0,0,0,0,0,,,-1,-1,-1,-1,-1,-1,-1,-1,-1,-1,-1,-1,-1,-1,-1,-1,-1,-1,-1,-1,2.08,1.27,0.0,0.0,2.93,65,88,75,10,10,43,78,43,88,11.08,5.9,0.0,0.0,0.0,0.0,0.0,0.0,0.0,0.0,0.0,Pandit Jawaharlal Nehru Stadium (Margao),S6359BFCD14
1737468000,Jan 21 2025 - 2:00pm,incomplete,-1.0,Chennaiyin,ATK Mohun Bagan,,,0.5,2.0,0.5,2.0,0,0,0,0,0,0,,,-1,-1,-1,-1,-1,-1,-1,-1,-1,-1,-1,-1,-1,-1,-1,-1,-1,-1,-1,-1,1.68,1.64,0.0,0.0,2.42,25,75,42,25,0,42,100,25,75,16.33,7.5,0.0,0.0,0.0,0.0,0.0,0.0,0.0,0.0,0.0,,S635B738078
1737554400,Jan 22 2025 - 2:00pm,incomplete,-1.0,Bengaluru,Odisha FC,,,3.0,0.33,3.0,0.33,0,0,0,0,0,0,,,-1,-1,-1,-1,-1,-1,-1,-1,-1,-1,-1,-1,-1,-1,-1,-1,-1,-1,-1,-1,1.39,1.22,0.0,0.0,2.67,50,75,59,17,17,46,100,46,59,8.58,5.42,0.0,0.0,0.0,0.0,0.0,0.0,0.0,0.0,0.0,,S6350655A57
1737640800,Jan 23 2025 - 2:00pm,incomplete,-1.0,Hyderabad,Jamshedpur,,18.0,0.5,1.0,0.5,1.0,0,0,0,0,0,0,,,-1,-1,-1,-1,-1,-1,-1,-1,-1,-1,-1,-1,-1,-1,-1,-1,-1,-1,-1,-1,1.18,1.43,0.0,0.0,2.34,34,75,50,17,17,34,75,34,75,7.5,4.0,0.0,0.0,0.0,0.0,0.0,0.0,0.0,0.0,0.0,GMC Balayogi Stadium (Hyderabad),S63530574D5
1737727200,Jan 24 2025 - 2:00pm,incomplete,-1.0,East Bengal,Kerala Blasters,,18.0,0.0,1.25,0.0,1.25,0,0,0,0,0,0,,,-1,-1,-1,-1,-1,-1,-1,-1,-1,-1,-1,-1,-1,-1,-1,-1,-1,-1,-1,-1,0.83,1.59,0.0,0.0,3.63,75,100,63,50,38,38,88,63,88,8.5,5.25,0.0,0.0,0.0,0.0,0.0,0.0,0.0,0.0,0.0,Vivekananda Yuba Bharati Krirangan Stadium (Kolkata),S635182028D
1737813600,Jan 25 2025 - 2:00pm,incomplete,-1.0,Goa,Chennaiyin,,18.0,1.4,2.0,1.4,2.0,0,0,0,0,0,0,,,-1,-1,-1,-1,-1,-1,-1,-1,-1,-1,-1,-1,-1,-1,-1,-1,-1,-1,-1,-1,2.08,1.94,0.0,0.0,3.9,80,90,90,50,50,50,80,70,90,12.15,3.4,0.0,0.0,0.0,0.0,0.0,0.0,0.0,0.0,0.0,Pandit Jawaharlal Nehru Stadium (Margao),S6352E07454
1737900000,Jan 26 2025 - 2:00pm,incomplete,-1.0,Mumbai City,Mohammedan,,18.0,1.67,1.5,1.67,1.5,0,0,0,0,0,0,,,-1,-1,-1,-1,-1,-1,-1,-1,-1,-1,-1,-1,-1,-1,-1,-1,-1,-1,-1,-1,1.51,0.87,0.0,0.0,2.34,34,59,42,17,17,42,84,17,17,6.83,5.0,0.0,0.0,0.0,0.0,0.0,0.0,0.0,0.0,0.0,Mumbai Football Arena (Mumbai),S6355DCD7B3
1737986400,Jan 27 2025 - 2:00pm,incomplete,-1.0,ATK Mohun Bagan,Bengaluru,,,2.33,1.33,2.33,1.33,0,0,0,0,0,0,,,-1,-1,-1,-1,-1,-1,-1,-1,-1,-1,-1,-1,-1,-1,-1,-1,-1,-1,-1,-1,1.54,1.01,0.0,0.0,3.17,50,84,84,50,17,67,67,67,67,8.33,5.33,0.0,0.0,0.0,0.0,0.0,0.0,0.0,0.0,0.0,,S6359996DF3
1738072800,Jan 28 2025 - 2:00pm,incomplete,-1.0,Minerva Punjab,Jamshedpur,,19.0,3.0,1.0,3.0,1.0,0,0,0,0,0,0,,,-1,-1,-1,-1,-1,-1,-1,-1,-1,-1,-1,-1,-1,-1,-1,-1,-1,-1,-1,-1,1.65,1.43,0.0,0.0,3.5,67,100,84,33,33,34,100,67,100,7.33,4.0,0.0,0.0,0.0,0.0,0.0,0.0,0.0,0.0,0.0,Jawaharlal Nehru Stadium (New Delhi),S6359AC3207
1738159200,Jan 29 2025 - 2:00pm,incomplete,-1.0,NorthEast United,Hyderabad,,19.0,1.75,0.75,1.75,0.75,0,0,0,0,0,0,,,-1,-1,-1,-1,-1,-1,-1,-1,-1,-1,-1,-1,-1,-1,-1,-1,-1,-1,-1,-1,1.55,1.36,0.0,0.0,3.63,50,100,75,50,38,63,88,63,100,9.08,3.0,0.0,0.0,0.0,0.0,0.0,0.0,0.0,0.0,0.0,Indira Gandhi Athletic Stadium (Guwahati),S63525EE141
1738245600,Jan 30 2025 - 2:00pm,incomplete,-1.0,Chennaiyin,Kerala Blasters,,19.0,0.5,1.25,0.5,1.25,0,0,0,0,0,0,,,-1,-1,-1,-1,-1,-1,-1,-1,-1,-1,-1,-1,-1,-1,-1,-1,-1,-1,-1,-1,1.68,1.59,0.0,0.0,3.13,75,75,63,50,13,38,88,63,63,14.5,6.25,0.0,0.0,0.0,0.0,0.0,0.0,0.0,0.0,0.0,Jawaharlal Nehru Stadium (Chennai),S635C842FB0
1738332000,Jan 31 2025 - 2:00pm,incomplete,-1.0,Mumbai City,East Bengal,,19.0,1.67,0.0,1.67,0.0,0,0,0,0,0,0,,,-1,-1,-1,-1,-1,-1,-1,-1,-1,-1,-1,-1,-1,-1,-1,-1,-1,-1,-1,-1,1.51,1.27,0.0,0.0,2.46,59,71,42,17,17,29,71,29,54,10.66,5.5,0.0,0.0,0.0,0.0,0.0,0.0,0.0,0.0,0.0,Mumbai Football Arena (Mumbai),S635E8943A1
1738409400,Feb 01 2025 - 11:30am,incomplete,-1.0,Minerva Punjab,Bengaluru,,20.0,3.0,1.33,3.0,1.33,0,0,0,0,0,0,,,-1,-1,-1,-1,-1,-1,-1,-1,-1,-1,-1,-1,-1,-1,-1,-1,-1,-1,-1,-1,1.65,1.01,0.0,0.0,2.83,50,84,67,33,17,17,67,67,84,6.33,4.0,0.0,0.0,0.0,0.0,0.0,0.0,0.0,0.0,0.0,Jawaharlal Nehru Stadium (New Delhi),S635E158B02
1738418400,Feb 01 2025 - 2:00pm,incomplete,-1.0,Mohammedan,ATK Mohun Bagan,,20.0,0.25,2.0,0.25,2.0,0,0,0,0,0,0,,,-1,-1,-1,-1,-1,-1,-1,-1,-1,-1,-1,-1,-1,-1,-1,-1,-1,-1,-1,-1,1.75,1.64,0.0,0.0,2.42,25,88,42,13,0,29,75,25,100,14.08,7.0,0.0,0.0,0.0,0.0,0.0,0.0,0.0,0.0,0.0,Kishore Bharati Krirangan (Kalkātā (Kolkata)),S6355CA90DD
1738504800,Feb 02 2025 - 2:00pm,incomplete,-1.0,Jamshedpur,Goa,,20.0,2.25,1.67,2.25,1.67,0,0,0,0,0,0,,,-1,-1,-1,-1,-1,-1,-1,-1,-1,-1,-1,-1,-1,-1,-1,-1,-1,-1,-1,-1,1.66,1.48,0.0,0.0,3.84,88,100,71,59,42,71,84,75,100,7.67,7.08,0.0,0.0,0.0,0.0,0.0,0.0,0.0,0.0,0.0,JRD Tata Sports Complex (Jamshedpur),S63583CC778
1738591200,Feb 03 2025 - 2:00pm,incomplete,-1.0,Odisha FC,NorthEast United,,20.0,1.75,1.33,1.75,1.33,0,0,0,0,0,0,,,-1,-1,-1,-1,-1,-1,-1,-1,-1,-1,-1,-1,-1,-1,-1,-1,-1,-1,-1,-1,1.58,1.35,0.0,0.0,3.88,84,84,84,59,46,71,84,46,88,12.25,4.25,0.0,0.0,0.0,0.0,0.0,0.0,0.0,0.0,0.0,Kalinga Stadium (Bhubaneswar),S635C3695EB
1738764000,Feb 05 2025 - 2:00pm,incomplete,-1.0,ATK Mohun Bagan,Minerva Punjab,,21.0,2.33,1.0,2.33,1.0,0,0,0,0,0,0,,,-1,-1,-1,-1,-1,-1,-1,-1,-1,-1,-1,-1,-1,-1,-1,-1,-1,-1,-1,-1,1.54,1.27,0.0,0.0,3.17,67,84,84,34,17,67,84,50,67,9.0,6.33,0.0,0.0,0.0,0.0,0.0,0.0,0.0,0.0,0.0,Vivekananda Yuba Bharati Krirangan Stadium (Kolkata),S6351DEA628
1738850400,Feb 06 2025 - 2:00pm,incomplete,-1.0,Goa,Odisha FC,,21.0,1.4,0.33,1.4,0.33,0,0,0,0,0,0,,,-1,-1,-1,-1,-1,-1,-1,-1,-1,-1,-1,-1,-1,-1,-1,-1,-1,-1,-1,-1,2.08,1.22,0.0,0.0,3.47,90,100,84,27,27,64,90,64,84,10.08,4.07,0.0,0.0,0.0,0.0,0.0,0.0,0.0,0.0,0.0,Pandit Jawaharlal Nehru Stadium (Margao),S635E3AD122
1738936800,Feb 07 2025 - 2:00pm,incomplete,-1.0,NorthEast United,Mumbai City,,21.0,1.75,1.33,1.75,1.33,0,0,0,0,0,0,,,-1,-1,-1,-1,-1,-1,-1,-1,-1,-1,-1,-1,-1,-1,-1,-1,-1,-1,-1,-1,1.55,1.87,0.0,0.0,4.13,88,100,88,71,54,88,88,84,100,11.83,3.67,0.0,0.0,0.0,0.0,0.0,0.0,0.0,0.0,0.0,Indira Gandhi Athletic Stadium (Guwahati),S6356DD642F
1739014200,Feb 08 2025 - 11:30am,incomplete,-1.0,Hyderabad,Mohammedan,,21.0,0.5,1.5,0.5,1.5,0,0,0,0,0,0,,,-1,-1,-1,-1,-1,-1,-1,-1,-1,-1,-1,-1,-1,-1,-1,-1,-1,-1,-1,-1,1.18,0.87,0.0,0.0,1.5,0,50,25,0,0,25,75,0,25,6.0,6.0,0.0,0.0,0.0,0.0,0.0,0.0,0.0,0.0,0.0,GMC Balayogi Stadium (Hyderabad),S63561D0E08
1739023200,Feb 08 2025 - 2:00pm,incomplete,-1.0,East Bengal,Chennaiyin,,21.0,0.0,2.0,0.0,2.0,0,0,0,0,0,0,,,-1,-1,-1,-1,-1,-1,-1,-1,-1,-1,-1,-1,-1,-1,-1,-1,-1,-1,-1,-1,0.83,1.94,0.0,0.0,3.85,65,90,65,65,65,45,90,65,90,8.4,4.5,0.0,0.0,0.0,0.0,0.0,0.0,0.0,0.0,0.0,Vivekananda Yuba Bharati Krirangan Stadium (Kolkata),S635B3185A8
1739109600,Feb 09 2025 - 2:00pm,incomplete,-1.0,Bengaluru,Jamshedpur,,21.0,3.0,1.0,3.0,1.0,0,0,0,0,0,0,,,-1,-1,-1,-1,-1,-1,-1,-1,-1,-1,-1,-1,-1,-1,-1,-1,-1,-1,-1,-1,1.39,1.43,0.0,0.0,2.84,34,75,75,17,17,46,100,46,75,7.25,4.75,0.0,0.0,0.0,0.0,0.0,0.0,0.0,0.0,0.0,Sree Kanteerava Stadium (Bangalore),S635FDB809E
1739196000,Feb 10 2025 - 2:00pm,incomplete,-1.0,Odisha FC,Minerva Punjab,,21.0,1.75,1.0,1.75,1.0,0,0,0,0,0,0,,,-1,-1,-1,-1,-1,-1,-1,-1,-1,-1,-1,-1,-1,-1,-1,-1,-1,-1,-1,-1,1.58,1.27,0.0,0.0,3.04,84,84,84,25,13,54,84,29,71,9.92,4.25,0.0,0.0,0.0,0.0,0.0,0.0,0.0,0.0,0.0,Kalinga Stadium (Bhubaneswar),S63564C7C54
1739368800,Feb 12 2025 - 2:00pm,incomplete,-1.0,Mumbai City,Goa,,,1.67,1.67,1.67,1.67,0,0,0,0,0,0,,,-1,-1,-1,-1,-1,-1,-1,-1,-1,-1,-1,-1,-1,-1,-1,-1,-1,-1,-1,-1,1.51,1.48,0.0,0.0,3.17,84,84,50,50,33,50,67,67,67,9.33,4.33,0.0,0.0,0.0,0.0,0.0,0.0,0.0,0.0,0.0,,S63579A3243
1739455200,Feb 13 2025 - 2:00pm,incomplete,-1.0,Jamshedpur,NorthEast United,,22.0,2.25,1.33,2.25,1.33,0,0,0,0,0,0,,,-1,-1,-1,-1,-1,-1,-1,-1,-1,-1,-1,-1,-1,-1,-1,-1,-1,-1,-1,-1,1.66,1.35,0.0,0.0,4.0,71,84,71,59,59,71,84,59,100,8.67,6.75,0.0,0.0,0.0,0.0,0.0,0.0,0.0,0.0,0.0,JRD Tata Sports Complex (Jamshedpur),S63561CA366
1739541600,Feb 14 2025 - 2:00pm,incomplete,-1.0,Odisha FC,Hyderabad,,,1.75,0.75,1.75,0.75,0,0,0,0,0,0,,,-1,-1,-1,-1,-1,-1,-1,-1,-1,-1,-1,-1,-1,-1,-1,-1,-1,-1,-1,-1,1.58,1.36,0.0,0.0,3.38,63,100,88,38,13,63,100,25,88,11.0,3.25,0.0,0.0,0.0,0.0,0.0,0.0,0.0,0.0,0.0,,S63520A3F43
1739619000,Feb 15 2025 - 11:30am,incomplete,-1.0,Chennaiyin,Minerva Punjab,,22.0,0.5,1.0,0.5,1.0,0,0,0,0,0,0,,,-1,-1,-1,-1,-1,-1,-1,-1,-1,-1,-1,-1,-1,-1,-1,-1,-1,-1,-1,-1,1.68,1.27,0.0,0.0,2.42,59,59,59,25,0,42,84,42,59,10.67,6.5,0.0,0.0,0.0,0.0,0.0,0.0,0.0,0.0,0.0,Jawaharlal Nehru Stadium (Chennai),S6355A70B17
1739628000,Feb 15 2025 - 2:00pm,incomplete,-1.0,Kerala Blasters,ATK Mohun Bagan,,22.0,1.0,2.0,1.0,2.0,0,0,0,0,0,0,,,-1,-1,-1,-1,-1,-1,-1,-1,-1,-1,-1,-1,-1,-1,-1,-1,-1,-1,-1,-1,1.37,1.64,0.0,0.0,2.83,50,100,67,17,0,33,67,50,100,11.33,7.33,0.0,0.0,0.0,0.0,0.0,0.0,0.0,0.0,0.0,Jawaharlal Nehru International Stadium (Kochi),S6353624F0F
1739714400,Feb 16 2025 - 2:00pm,incomplete,-1.0,Mohammedan,East Bengal,,22.0,0.25,0.0,0.25,0.0,0,0,0,0,0,0,,,-1,-1,-1,-1,-1,-1,-1,-1,-1,-1,-1,-1,-1,-1,-1,-1,-1,-1,-1,-1,1.75,1.27,0.0,0.0,2.38,50,75,50,13,0,25,63,38,88,11.08,7.5,0.0,0.0,0.0,0.0,0.0,0.0,0.0,0.0,0.0,Kishore Bharati Krirangan (Kalkātā (Kolkata)),S635348DE3C
1739973600,Feb 19 2025 - 2:00pm,incomplete,-1.0,Hyderabad,Mumbai City,,,0.5,1.33,0.5,1.33,0,0,0,0,0,0,,,-1,-1,-1,-1,-1,-1,-1,-1,-1,-1,-1,-1,-1,-1,-1,-1,-1,-1,-1,-1,1.18,1.87,0.0,0.0,2.5,50,75,50,34,17,50,75,34,75,11.0,4.67,0.0,0.0,0.0,0.0,0.0,0.0,0.0,0.0,0.0,,S6359B0487E
1740060000,Feb 20 2025 - 2:00pm,incomplete,-1.0,Mohammedan,Jamshedpur,,23.0,0.25,1.0,0.25,1.0,0,0,0,0,0,0,,,-1,-1,-1,-1,-1,-1,-1,-1,-1,-1,-1,-1,-1,-1,-1,-1,-1,-1,-1,-1,1.75,1.43,0.0,0.0,3.09,59,88,75,29,17,46,75,59,100,8.75,5.0,0.0,0.0,0.0,0.0,0.0,0.0,0.0,0.0,0.0,Kishore Bharati Krirangan (Kalkātā (Kolkata)),S635A6D2E64
1740146400,Feb 21 2025 - 2:00pm,incomplete,-1.0,NorthEast United,Bengaluru,,23.0,1.75,1.33,1.75,1.33,0,0,0,0,0,0,,,-1,-1,-1,-1,-1,-1,-1,-1,-1,-1,-1,-1,-1,-1,-1,-1,-1,-1,-1,-1,1.55,1.01,0.0,0.0,3.29,54,84,71,54,38,54,54,84,84,7.33,3.0,0.0,0.0,0.0,0.0,0.0,0.0,0.0,0.0,0.0,Indira Gandhi Athletic Stadium (Guwahati),S63542C79AE
1740223800,Feb 22 2025 - 11:30am,incomplete,-1.0,Minerva Punjab,East Bengal,,23.0,3.0,0.0,3.0,0.0,0,0,0,0,0,0,,,-1,-1,-1,-1,-1,-1,-1,-1,-1,-1,-1,-1,-1,-1,-1,-1,-1,-1,-1,-1,1.65,1.27,0.0,0.0,2.79,59,88,59,17,17,13,88,46,88,9.66,6.5,0.0,0.0,0.0,0.0,0.0,0.0,0.0,0.0,0.0,Jawaharlal Nehru Stadium (New Delhi),S635740BF17
1740232800,Feb 22 2025 - 2:00pm,incomplete,-1.0,Goa,Kerala Blasters,,23.0,1.4,1.25,1.4,1.25,0,0,0,0,0,0,,,-1,-1,-1,-1,-1,-1,-1,-1,-1,-1,-1,-1,-1,-1,-1,-1,-1,-1,-1,-1,2.08,1.59,0.0,0.0,3.68,90,100,88,35,23,43,78,68,88,12.25,4.15,0.0,0.0,0.0,0.0,0.0,0.0,0.0,0.0,0.0,Pandit Jawaharlal Nehru Stadium (Margao),S635F23C12C
1740319200,Feb 23 2025 - 2:00pm,incomplete,-1.0,ATK Mohun Bagan,Odisha FC,,,2.33,0.33,2.33,0.33,0,0,0,0,0,0,,,-1,-1,-1,-1,-1,-1,-1,-1,-1,-1,-1,-1,-1,-1,-1,-1,-1,-1,-1,-1,1.54,1.22,0.0,0.0,3.67,84,100,84,50,33,84,100,67,67,10.66,6.0,0.0,0.0,0.0,0.0,0.0,0.0,0.0,0.0,0.0,,S63526121F1
1740492000,Feb 25 2025 - 2:00pm,incomplete,-1.0,Bengaluru,Chennaiyin,,24.0,3.0,2.0,3.0,2.0,0,0,0,0,0,0,,,-1,-1,-1,-1,-1,-1,-1,-1,-1,-1,-1,-1,-1,-1,-1,-1,-1,-1,-1,-1,1.39,1.94,0.0,0.0,3.1,40,65,65,40,40,33,90,53,65,10.65,4.75,0.0,0.0,0.0,0.0,0.0,0.0,0.0,0.0,0.0,Sree Kanteerava Stadium (Bangalore),S63514033D0
1740578400,Feb 26 2025 - 2:00pm,incomplete,-1.0,East Bengal,Hyderabad,,24.0,0.0,0.75,0.0,0.75,0,0,0,0,0,0,,,-1,-1,-1,-1,-1,-1,-1,-1,-1,-1,-1,-1,-1,-1,-1,-1,-1,-1,-1,-1,0.83,1.36,0.0,0.0,3.25,38,100,63,38,25,50,100,38,100,5.75,4.5,0.0,0.0,0.0,0.0,0.0,0.0,0.0,0.0,0.0,Vivekananda Yuba Bharati Krirangan Stadium (Kolkata),S635EF15FA6
1740664800,Feb 27 2025 - 2:00pm,incomplete,-1.0,Minerva Punjab,Goa,,24.0,3.0,1.67,3.0,1.67,0,0,0,0,0,0,,,-1,-1,-1,-1,-1,-1,-1,-1,-1,-1,-1,-1,-1,-1,-1,-1,-1,-1,-1,-1,1.65,1.48,0.0,0.0,3.5,84,100,67,50,33,34,84,84,100,8.33,5.33,0.0,0.0,0.0,0.0,0.0,0.0,0.0,0.0,0.0,Jawaharlal Nehru Stadium (New Delhi),S63544DE8FC
1740751200,Feb 28 2025 - 2:00pm,incomplete,-1.0,Odisha FC,Mohammedan,,24.0,1.75,1.5,1.75,1.5,0,0,0,0,0,0,,,-1,-1,-1,-1,-1,-1,-1,-1,-1,-1,-1,-1,-1,-1,-1,-1,-1,-1,-1,-1,1.58,0.87,0.0,0.0,2.88,50,75,75,25,13,63,100,13,38,8.75,5.25,0.0,0.0,0.0,0.0,0.0,0.0,0.0,0.0,0.0,Kalinga Stadium (Bhubaneswar),S6356582C14
1740828600,Mar 01 2025 - 11:30am,incomplete,-1.0,Mumbai City,ATK Mohun Bagan,,24.0,1.67,2.0,1.67,2.0,0,0,0,0,0,0,,,-1,-1,-1,-1,-1,-1,-1,-1,-1,-1,-1,-1,-1,-1,-1,-1,-1,-1,-1,-1,1.51,1.64,0.0,0.0,2.5,34,84,33,17,17,33,84,17,67,13.66,5.0,0.0,0.0,0.0,0.0,0.0,0.0,0.0,0.0,0.0,Mumbai Football Arena (Mumbai),S635CEB4BA2
1740837600,Mar 01 2025 - 2:00pm,incomplete,-1.0,Kerala Blasters,Jamshedpur,,,1.0,1.0,1.0,1.0,0,0,0,0,0,0,,,-1,-1,-1,-1,-1,-1,-1,-1,-1,-1,-1,-1,-1,-1,-1,-1,-1,-1,-1,-1,1.37,1.43,0.0,0.0,3.5,84,100,100,33,17,50,67,84,100,6.0,5.33,0.0,0.0,0.0,0.0,0.0,0.0,0.0,0.0,0.0,,S63535C9559
1740924000,Mar 02 2025 - 2:00pm,incomplete,-1.0,East Bengal,Bengaluru,,25.0,0.0,1.33,0.0,1.33,0,0,0,0,0,0,,,-1,-1,-1,-1,-1,-1,-1,-1,-1,-1,-1,-1,-1,-1,-1,-1,-1,-1,-1,-1,0.83,1.01,0.0,0.0,2.92,42,84,59,42,25,42,67,59,84,4.0,4.5,0.0,0.0,0.0,0.0,0.0,0.0,0.0,0.0,0.0,Vivekananda Yuba Bharati Krirangan Stadium (Kolkata),S63532270FC
1741010400,Mar 03 2025 - 2:00pm,incomplete,-1.0,Chennaiyin,NorthEast United,,25.0,0.5,1.33,0.5,1.33,0,0,0,0,0,0,,,-1,-1,-1,-1,-1,-1,-1,-1,-1,-1,-1,-1,-1,-1,-1,-1,-1,-1,-1,-1,1.68,1.35,0.0,0.0,3.25,59,59,59,59,34,59,84,59,75,13.0,6.5,0.0,0.0,0.0,0.0,0.0,0.0,0.0,0.0,0.0,Jawaharlal Nehru Stadium (Chennai),S6354E954E2
1741096800,Mar 04 2025 - 2:00pm,incomplete,-1.0,Goa,Mohammedan,,25.0,1.4,1.5,1.4,1.5,0,0,0,0,0,0,,,-1,-1,-1,-1,-1,-1,-1,-1,-1,-1,-1,-1,-1,-1,-1,-1,-1,-1,-1,-1,2.08,0.87,0.0,0.0,2.8,40,75,75,10,10,55,90,30,50,7.25,5.4,0.0,0.0,0.0,0.0,0.0,0.0,0.0,0.0,0.0,Pandit Jawaharlal Nehru Stadium (Margao),S635B080F6C
1741183200,Mar 05 2025 - 2:00pm,incomplete,-1.0,Jamshedpur,Odisha FC,,25.0,2.25,0.33,2.25,0.33,0,0,0,0,0,0,,,-1,-1,-1,-1,-1,-1,-1,-1,-1,-1,-1,-1,-1,-1,-1,-1,-1,-1,-1,-1,1.66,1.22,0.0,0.0,3.67,88,100,71,42,42,71,100,59,84,8.0,6.42,0.0,0.0,0.0,0.0,0.0,0.0,0.0,0.0,0.0,JRD Tata Sports Complex (Jamshedpur),S635E618DE9
1741269600,Mar 06 2025 - 2:00pm,incomplete,-1.0,Hyderabad,Minerva Punjab,,25.0,0.5,1.0,0.5,1.0,0,0,0,0,0,0,,,-1,-1,-1,-1,-1,-1,-1,-1,-1,-1,-1,-1,-1,-1,-1,-1,-1,-1,-1,-1,1.18,1.27,0.0,0.0,1.67,34,59,34,0,0,17,59,17,59,7.17,5.0,0.0,0.0,0.0,0.0,0.0,0.0,0.0,0.0,0.0,GMC Balayogi Stadium (Hyderabad),S6359EC62EC
1741356000,Mar 07 2025 - 2:00pm,incomplete,-1.0,Kerala Blasters,Mumbai City,,25.0,1.0,1.33,1.0,1.33,0,0,0,0,0,0,,,-1,-1,-1,-1,-1,-1,-1,-1,-1,-1,-1,-1,-1,-1,-1,-1,-1,-1,-1,-1,1.37,1.87,0.0,0.0,3.67,100,100,100,50,17,67,67,84,100,9.5,6.0,0.0,0.0,0.0,0.0,0.0,0.0,0.0,0.0,0.0,Jawaharlal Nehru International Stadium (Kochi),S635BD79CF7
1741433400,Mar 08 2025 - 11:30am,incomplete,-1.0,NorthEast United,East Bengal,,,1.75,0.0,1.75,0.0,0,0,0,0,0,0,,,-1,-1,-1,-1,-1,-1,-1,-1,-1,-1,-1,-1,-1,-1,-1,-1,-1,-1,-1,-1,1.55,1.27,0.0,0.0,3.25,63,88,63,38,38,50,75,63,88,10.66,5.5,0.0,0.0,0.0,0.0,0.0,0.0,0.0,0.0,0.0,,S63593605DF
1741442400,Mar 08 2025 - 2:00pm,incomplete,-1.0,ATK Mohun Bagan,Goa,,26.0,2.33,1.67,2.33,1.67,0,0,0,0,0,0,,,-1,-1,-1,-1,-1,-1,-1,-1,-1,-1,-1,-1,-1,-1,-1,-1,-1,-1,-1,-1,1.54,1.48,0.0,0.0,3.84,84,100,84,67,33,84,84,84,84,10.33,6.66,0.0,0.0,0.0,0.0,0.0,0.0,0.0,0.0,0.0,Vivekananda Yuba Bharati Krirangan Stadium (Kolkata),S635C1B7C6F
1741528800,Mar 09 2025 - 2:00pm,incomplete,-1.0,Chennaiyin,Jamshedpur,,26.0,0.5,1.0,0.5,1.0,0,0,0,0,0,0,,,-1,-1,-1,-1,-1,-1,-1,-1,-1,-1,-1,-1,-1,-1,-1,-1,-1,-1,-1,-1,1.68,1.43,0.0,0.0,3.09,59,75,75,42,17,59,100,59,75,11.0,5.5,0.0,0.0,0.0,0.0,0.0,0.0,0.0,0.0,0.0,Jawaharlal Nehru Stadium (Chennai),S635548FD6F
1741615200,Mar 10 2025 - 2:00pm,incomplete,-1.0,Mohammedan,Minerva Punjab,,26.0,0.25,1.0,0.25,1.0,0,0,0,0,0,0,,,-1,-1,-1,-1,-1,-1,-1,-1,-1,-1,-1,-1,-1,-1,-1,-1,-1,-1,-1,-1,1.75,1.27,0.0,0.0,2.42,59,71,59,13,0,29,59,42,84,8.42,6.0,0.0,0.0,0.0,0.0,0.0,0.0,0.0,0.0,0.0,Kishore Bharati Krirangan (Kalkātā (Kolkata)),S635D643BF1
1741701600,Mar 11 2025 - 2:00pm,incomplete,-1.0,Bengaluru,Mumbai City,,26.0,3.0,1.33,3.0,1.33,0,0,0,0,0,0,,,-1,-1,-1,-1,-1,-1,-1,-1,-1,-1,-1,-1,-1,-1,-1,-1,-1,-1,-1,-1,1.39,1.87,0.0,0.0,3.0,50,75,75,34,17,63,100,46,75,10.75,5.42,0.0,0.0,0.0,0.0,0.0,0.0,0.0,0.0,0.0,Sree Kanteerava Stadium (Bangalore),S63539F1FC5
1741788000,Mar 12 2025 - 2:00pm,incomplete,-1.0,Hyderabad,Kerala Blasters,,,0.5,1.25,0.5,1.25,0,0,0,0,0,0,,,-1,-1,-1,-1,-1,-1,-1,-1,-1,-1,-1,-1,-1,-1,-1,-1,-1,-1,-1,-1,1.18,1.59,0.0,0.0,2.38,50,75,38,25,13,13,63,38,63,11.0,4.75,0.0,0.0,0.0,0.0,0.0,0.0,0.0,0.0,0.0,,S635F055DC0
